rawSymbol,ca,type,cacheHas,alphaIdByCa,cacheSize
60,"0x0a48f85a3905cfa49a652bdb074d9e9fabad27892d54afaa5c9e0adeb7ac3cdf::swarm_network_token::swarm_network_token",alpha-full,false,60,403
110,"0x940181a94a35a4569e4529a3cdfb74e38fd98631",alpha-full,false,110,403
101,"0x4829a1d1fb6ded1f81d26868ab8976648baf9893",alpha-full,false,101,403
101,"0x0c69199c1562233640e0db5ce2c399a88eb507c7",alpha-full,false,101,403
101,"0x53ec33cd4fa46b9eced9ca3f6db626c5ffcd55cc",alpha-full,false,101,403
101,"0x1d28d989f9e3ccb8b15d0cec601734514f958e4d",alpha-full,false,101,403
101,"0xda7ad9dea9397cffddae2f8a052b82f1484252b3",alpha-full,false,101,403
101,"0x9123400446a56176eb1b6be9ee5cf703e409f492",alpha-full,false,101,403
61,"0xbfe78de7d1c51e0868501d5fa3e88e674c79acdd",alpha-full,false,61,403
101,"0x595e21b20e78674f8a64c1566a20b2b316bc3511",alpha-full,false,101,403
101,"0x4fa7c69a7b69f8bc48233024d546bc299d6b03bf",alpha-full,false,101,403
110,"0xacfe6019ed1a7dc6f7b508c02d1b04ec88cc21bf",alpha-full,false,110,403
110,"9BB6NFEcjBCtnNLFko2FqVQBq8HHM13kCyYcdQbgpump",alpha-full,false,110,403
11,"0x0c808f0464c423d5ea4f4454fcc23b6e2ae75562",alpha-full,false,11,403
101,"0xe6df05ce8c8301223373cf5b969afcb1498c5528",alpha-full,false,101,403
11,"0x899357e54c2c4b014ea50a9a7bf140ba6df2ec73",alpha-full,false,11,403
0,"0x8993129d72e733985f7f1a00396cbd055bad6f817fee36576ce483c8bbb8b87b::sudeng::sudeng",alpha-full,false,0,403
110,"5UUH9RTDiSpq6HKS6bp4NdU9PNJpXRXuiw6ShBTBhgH2",alpha-full,false,110,403
61,"0xf74548802f4c700315f019fde17178b392ee4444",alpha-full,false,61,403
101,"0x595deaad1eb5476ff1e649fdb7efc36f1e4679cc",alpha-full,false,101,403
60,"0x1f16e03c1a5908818f47f6ee7bb16690b40d0671",alpha-full,false,60,403
101,"0x6bc3855827fa6ee1229c937a26bb9fca1a0ffbf0",alpha-full,false,101,403
101,"0x299ad4299da5b2b93fba4c96967b040c7f611099",alpha-full,false,101,403
101,"0x5dbde81fce337ff4bcaaee4ca3466c00aecae274",alpha-full,false,101,403
101,"0x000008d2175f9aeaddb2430c26f8a6f73c5a0000",alpha-full,false,101,403
61,"0x208bf3e7da9639f1eaefa2de78c23396b0682025",alpha-full,false,61,403
11,"0x8fce7206e3043dd360f115afa956ee31b90b787c",alpha-full,false,11,403
11,"0x81a7da4074b8e0ed51bea40f9dcbdf4d9d4832b4",alpha-full,false,11,403
101,"0x9dc44ae5be187eca9e2a67e33f27a4c91cea1223",alpha-full,false,101,403
61,"0xe747e54783ba3f77a8e5251a3cba19ebe9c0e197",alpha-full,false,61,403
61,"0x95034f653d5d161890836ad2b6b8cc49d14e029a",alpha-full,false,61,403
61,"0xc23db46993f643f1fa0494cd30f9f43505885d84",alpha-full,false,61,403
61,"0x302dfaf2cdbe51a18d97186a7384e87cf599877d",alpha-full,false,61,403
101,"0x7ec43cf65f1663f820427c62a5780b8f2e25593a",alpha-full,false,101,403
101,"0x0a43fc31a73013089df59194872ecae4cae14444",alpha-full,false,101,403
61,"0x223a20e1b83aa3832e78d4b7b132df022e739222",alpha-full,false,61,403
11,"0x9558a9254890b2a8b057a789f413631b9084f4a3",alpha-full,false,11,403
61,"0xb7e548c4f133adbb910914d7529d5cb00c2e9051",alpha-full,false,61,403
11,"0x8b194370825e37b33373e74a41009161808c1488",alpha-full,false,11,403
11,"0xdac991621fd8048d9f235324780abd6c3ad26421",alpha-full,false,11,403
0,"0x4ed4e862860bed51a9570b96d89af5e1b0efefed",alpha-full,false,0,403
61,"0xed9ae3def8d6f052971bb8b6d1975ff267cf9aad",alpha-full,false,61,403
11,"0x635d44f246156ed1080cb470877256c847673f19",alpha-full,false,11,403
101,"0x0f0df6cb17ee5e883eddfef9153fc6036bdb4e37",alpha-full,false,101,403
0,"0xa53887f7e7c1bf5010b8627f1c1ba94fe7a5d6e0",alpha-full,false,0,403
61,"0x1219c409fabe2c27bd0d1a565daeed9bd9f271de",alpha-full,false,61,403
101,"0xf39e4b21c84e737df08e2c3b32541d856f508e48",alpha-full,false,101,403
0,"0x768be13e1680b5ebe0024c42c896e3db59ec0149",alpha-full,false,0,403
0,"0x14fee680690900ba0cccfc76ad70fd1b95d10e16",alpha-full,false,0,403
11,"0x810df4c7daf4ee06ae7c621d0680e73a505c9a06",alpha-full,false,11,403
61,"0x1a1e69f1e6182e2f8b9e8987e83c016ac9444444",alpha-full,false,61,403
61,"0x2aa89a0113bcbbcdc5812c6df794e2d9650fc1af",alpha-full,false,61,403
11,"0x46345336e7c5c89bd15d557203040f2c1ab4dd18",alpha-full,false,11,403
61,"0xb2d97c4ed2d0ef452654f5cab3da3735b5e6f3ab",alpha-full,false,61,403
61,"0xf486ad071f3bee968384d2e39e2d8af0fcf6fd46",alpha-full,false,61,403
11,"0x1e3dbc0aad9671fdd31e58b2fcc6cf1ca9947994",alpha-full,false,11,403
0,"CzLSujWBLFsSjncfkh59rUFqvafWcY5tzedWJSuypump",alpha-full,false,0,403
101,"0x011ebe7d75e2c9d1e0bd0be0bef5c36f0a90075f",alpha-full,false,101,403
61,"0xff7f8f301f7a706e3cfd3d2275f5dc0b9ee8009b",alpha-full,false,61,403
11,"0x107c9c954b19f69dec6ddeffff9a5745a05e86a3",alpha-full,false,11,403
11,"0x87aa6aeb62ff128aaa96e275d7b24cd12a72aba1",alpha-full,false,11,403
101,"0xcf3232b85b43bca90e51d38cc06cc8bb8c8a3e36",alpha-full,false,101,403
61,"0xd955c9ba56fb1ab30e34766e252a97ccce3d31a6",alpha-full,false,61,403
110,"Dfh5DzRgSvvCFDoYc2ciTkMrbDfRKybA4SoFbPmApump",alpha-full,false,110,403
60,"8Jx8AAHj86wbQgUTjGuj6GTTL5Ps3cqxKRTvpaJApump",alpha-full,false,60,403
0,"Grass7B4RdKfBCjTKgSqnXkqjwiGvQyFbuSCUJr3XXjs",alpha-full,false,0,403
